{
  "project_info": {
    "project_number": "662381219572",
    "project_id": "projectnotes-6a6a2",
    "storage_bucket": "projectnotes-6a6a2.appspot.com"
  },
  "client": [
    {
      "client_info": {
        "mobilesdk_app_id": "1:662381219572:android:72aa4bab2e7c4ddd41d8a1",
        "android_client_info": {
          "package_name": "com.app.projectnote"
        }
      },
      "oauth_client": [
        {
          "client_id": "662381219572-v9dnjlan8d88g7u6kk1s7gc9rtcpl97o.apps.googleusercontent.com",
          "client_type": 3
        }
      ],
      "api_key": [
        {
          "current_key": "AIzaSyCwjEADQjeKh9HJZdBaeAypY8lAvrPTfMY"
        }
      ],
      "services": {
        "appinvite_service": {
          "other_platform_oauth_client": [
            {
              "client_id": "662381219572-v9dnjlan8d88g7u6kk1s7gc9rtcpl97o.apps.googleusercontent.com",
              "client_type": 3
            }
          ]
        }
      }
    }
  ],
  "configuration_version": "1"
}